{"text": "\u7b2c\u4e00\u7ae0 \u6770\u514b\u662f\u4e00\u540d\u4fe1\u4f7f \u4ed6\u7684\u5de5\u4f5c\u662f\u5c06\u4eba\u4eec\u7684\u4fe1\u4ef6\u4ece\u4e00\u4e2a\u5730\u65b9\u9001\u5230\u53e6\u4e00\u4e2a\u5730\u65b9 \u5728\u8fd9\u4e2a\u901a\u8baf\u51e0\u4e4e\u5b8c\u5168\u4e2d\u65ad\u7684\u65f6\u4ee3 \u4fe1\u4f7f\u6210\u4e86\u4eba\u4eec\u60c5\u611f\u4ea4\u6d41\u7684\u552f\u4e00\u65b9\u5f0f \u4e00\u5929 \u6770\u514b\u63a5\u5230\u4e86\u4e00\u4e2a\u7279\u522b\u7684\u59d4\u6258", "segments": [{"id": 0, "seek": 0, "start": 0.0, "end": 20.080000000000002, "text": "\u7b2c\u4e00\u7ae0 \u6770\u514b\u662f\u4e00\u540d\u4fe1\u4f7f \u4ed6\u7684\u5de5\u4f5c\u662f\u5c06\u4eba\u4eec\u7684\u4fe1\u4ef6\u4ece\u4e00\u4e2a\u5730\u65b9\u9001\u5230\u53e6\u4e00\u4e2a\u5730\u65b9 \u5728\u8fd9\u4e2a\u901a\u8baf\u51e0\u4e4e\u5b8c\u5168\u4e2d\u65ad\u7684\u65f6\u4ee3 \u4fe1\u4f7f\u6210\u4e86\u4eba\u4eec\u60c5\u611f\u4ea4\u6d41\u7684\u552f\u4e00\u65b9\u5f0f \u4e00\u5929 \u6770\u514b\u63a5\u5230\u4e86\u4e00\u4e2a\u7279\u522b\u7684\u59d4\u6258", "tokens": [50365, 18049, 11957, 254, 220, 4422, 108, 24881, 1541, 2257, 15940, 17665, 22982, 220, 31309, 41315, 1541, 45456, 4035, 9497, 1546, 17665, 20485, 35630, 20182, 30146, 29309, 4511, 22762, 20182, 30146, 37286, 15368, 19550, 7422, 107, 6336, 254, 2930, 236, 37100, 5975, 4307, 255, 1546, 15729, 19105, 220, 17665, 22982, 11336, 2289, 4035, 9497, 10570, 9709, 28455, 27854, 1546, 17198, 107, 2257, 9249, 27584, 26923, 6135, 220, 4422, 108, 24881, 14468, 21381, 20182, 17682, 18453, 1546, 44230, 3416, 246, 51369], "temperature": 0.0, "avg_logprob": -0.099204616782106, "compression_ratio": 1.278688524590164, "no_speech_prob": 1.3518485809937975e-11}], "language": "Chinese"}